Referring page title,Referring page URL,Language,Platform,Referring page HTTP code,UR,Referring domains,Linked domains,External links,Page traffic,Keywords,Target URL,Target page HTTP code,Left context,Anchor,Right context,Type,Content,Nofollow,UGC,Sponsored,Rendered,Raw,First seen,Last seen,Author,Links in group
Understanding SCIM: Simplifying User Provisioning & Management | Scalekit,https://www.scalekit.com/scim,en,,200,4.9,7,9,10,114,42,https://docs.scalekit.com/,200,,DocsDocumentation and guidesfor seamless integration,,text,false,false,false,false,true,true,2024-09-24 14:55:08,2025-04-07 05:51:23,,92
Understanding SCIM: Simplifying User Provisioning & Management | Scalekit,https://www.scalekit.com/scim,en,,200,4.9,7,9,10,114,42,https://docs.scalekit.com/apis,200,,API referenceREST APIs and codesamples,,text,false,false,false,false,true,true,2024-09-24 14:55:08,2025-04-07 05:51:23,,92
Understanding SCIM: Simplifying User Provisioning & Management | Scalekit,https://www.scalekit.com/scim,en,,200,4.9,7,9,10,114,42,https://docs.scalekit.com/integrations,200,Identity providers SCIM directories Social connectors,View all integrations,,text,false,false,false,false,true,true,2025-03-04 15:01:32,2025-04-07 05:51:23,,91
Understanding SCIM: Simplifying User Provisioning & Management | Scalekit,https://www.scalekit.com/scim,en,,200,4.9,7,9,10,114,42,https://docs.scalekit.com/integrations/auth0,200,,SSO + Auth0,,text,false,false,false,false,true,true,2025-03-04 15:01:32,2025-04-07 05:51:23,,91
Understanding SCIM: Simplifying User Provisioning & Management | Scalekit,https://www.scalekit.com/scim,en,,200,4.9,7,9,10,114,42,https://docs.scalekit.com/integrations/firebase,200,,SSO + Firebase,,text,false,false,false,false,true,true,2025-03-04 15:01:32,2025-04-07 05:51:23,,92
Understanding SCIM: Simplifying User Provisioning & Management | Scalekit,https://www.scalekit.com/scim,en,,200,4.9,7,9,10,114,42,https://docs.scalekit.com/sdks,200,,"SDKsOfficial, secure,and updated libraries",,text,false,false,false,false,true,true,2024-09-24 14:55:08,2025-04-07 05:51:23,,92
Guide to Understanding JSON Web Tokens (JWT) for Devs | Scalekit,https://www.scalekit.com/blog/json-web-tokens-guide-for-developers,en,,200,0.7,0,12,16,21,124,https://docs.scalekit.com/integrations/oidc,200,as the standard format for ID tokens in protocols like,OpenID Connect (OIDC),", ensuring efficient and reliable authentication across various platforms.",text,true,false,false,false,false,true,2024-09-24 16:21:02,2025-04-06 00:02:55,,1
Guide to Understanding JSON Web Tokens (JWT) for Devs | Scalekit,https://www.scalekit.com/blog/json-web-tokens-guide-for-developers,en,,200,0.7,0,12,16,21,124,https://docs.scalekit.com/sso/quickstart,200,"or HTTP headers, making them ideal for securing API calls,",implementing Single Sign-On (SSO),", and managing sessions across distributed systems.",text,true,false,false,false,false,true,2024-09-24 16:21:02,2025-04-06 00:02:55,,1
Enterprise ready Authentication Platform for SaaS | Scalekit,https://www.scalekit.com/,en,,200,7,26,4,4,7,6,https://docs.scalekit.com/integrations/auth0,200,,Explore Scalekit + Auth0,,text,false,false,false,false,false,true,2025-01-02 22:20:59,2025-04-05 17:06:03,,1
Integrate Firebase with SSO Authentication Using Scalekit,https://www.scalekit.com/product-updates/add-single-sign-on-to-your-firebase-application,en,,200,1.8,0,4,4,2,2,https://docs.scalekit.com/sso/guides/integrate-with-your-auth-system/firebase,200,Check out the detailed documentation on integrating your Firebase application,here,". Further, if you have any questions, feel free to",text,true,false,false,false,false,true,2024-10-06 04:00:25,2025-04-05 19:52:06,,1
Integrate Scalekit with Firebase for Seamless Single Sign-on Authentication | Scalekit Docs,https://docs.scalekit.com/sso/guides/integrate-with-your-auth-system/firebase,en,,200,6,0,4,4,0,0,https://docs.scalekit.com/,200,,Scalekit Docs Scalekit Docs,Single Sign-on SCIM Provisioning SDKs,image,false,false,false,false,false,true,2024-07-31 23:25:25,2025-04-04 09:12:56,,54
Microsoft Entra ID | Scalekit Docs,https://docs.scalekit.com/integrations/azure-scim,,,200,5,0,1,1,0,3,https://docs.scalekit.com/apis,200,Single Sign-on SCIM Provisioning SDKs,API,Integrations,text,false,false,false,false,false,true,2024-11-20 16:49:02,2025-04-08 07:29:15,,52
Automated Role Assignment: Directory-Based Access Control | Scalekit Docs,https://docs.scalekit.com/scim/automatically-assign-roles,,,200,3.6,0,1,1,0,0,https://docs.scalekit.com/apis,200,See the,User Event Payload Reference,for more information about the payload structure.,text,true,false,false,false,false,true,2024-11-20 21:00:30,2025-04-05 12:50:11,,1
Scalekit SCIM Quickstart | Automate User Provisioning Seamlessly | Scalekit Docs,https://docs.scalekit.com/scim/quickstart,,,200,2.3,0,1,1,0,0,https://docs.scalekit.com/apis,200,See,Directory User Object,,text,true,false,false,false,false,true,2024-11-20 18:04:08,2025-04-06 20:51:45,,1
Scalekit SDKs: Official Libraries for Easy API Integration | Scalekit Docs,https://docs.scalekit.com/sdks,,,200,1.5,0,3,10,0,0,https://docs.scalekit.com/contact-us,200,,Contact us,,text,false,false,false,false,false,true,2025-03-07 18:10:17,2025-04-07 19:17:16,,4
AWS Cognito | Scalekit Docs,https://docs.scalekit.com/integrations/cognito,,,200,0,0,2,2,0,0,https://docs.scalekit.com/integrations,200,Scalekit integrates seamlessly with,major identity providers,". Use Scalekit's admin portal to onboard enterprise customers, enabling",text,true,false,false,false,false,true,2025-03-10 15:17:33,2025-04-07 21:35:48,,1
Scalekit Okta SAML Guide | Configure SSO Integration | Scalekit Docs,https://docs.scalekit.com/integrations/okta-saml,en,,200,1.8,0,1,1,0,0,https://docs.scalekit.com/integrations,200,,PreviousOverview,,text,false,false,false,false,false,true,2024-07-26 22:57:13,2025-04-04 07:11:58,,1
Scalekit SDKs: Official Libraries for Easy API Integration | Scalekit Docs,https://docs.scalekit.com/sdks,,,200,1.5,0,3,10,0,0,https://docs.scalekit.com/integrations,200,,Auth Integrations,,text,false,false,false,false,false,true,2024-07-31 16:58:28,2025-04-07 19:17:16,,4
Scalekit Custom User Attributes | Enhance SSO with Personalized Data | Scalekit Docs,https://docs.scalekit.com/sso/guides/setup-sso/customize-user-attributes,,,200,3,0,2,3,0,0,https://docs.scalekit.com/integrations,200,SCIM Provisioning SDKs API,Integrations,,text,false,false,false,false,false,true,2024-08-01 00:44:12,2025-04-03 15:08:57,,47
Scalekit SSO Quickstart | Scalekit Docs,https://docs.scalekit.com/sso/quickstart,,,200,6,0,1,1,0,1,https://docs.scalekit.com/integrations,200,"enables developers to implement enterprise-grade SSO with minimal code, offering",pre-built integrations,"with major identity providers including Okta, Microsoft Entra ID, JumpCloud,",text,true,false,false,false,false,true,2024-08-01 02:00:31,2025-04-08 02:27:43,,1
Scalekit SCIM Provisioning: Automated user lifecycle management for enterprise,https://www.scalekit.com/scim-provisioning,en,,200,0.4,0,4,4,0,2,https://docs.scalekit.com/integrations,200,,Explore SCIM integrations,,text,false,false,false,false,false,true,2025-01-17 19:17:25,2025-04-06 04:16:41,,1
Integrating Scalekit with Firebase for Seamless Single Sign-on Authentication | Scalekit Docs,https://docs.scalekit.com/integrations/firebase,,,200,1.3,0,4,4,0,0,https://docs.scalekit.com/integrations/auth0,200,,Auth0,,text,false,false,false,false,false,true,2024-07-26 18:53:51,2025-04-06 15:36:55,,19
OneLogin SCIM | Scalekit Docs,https://docs.scalekit.com/integrations/onelogin-scim,,,200,2.8,0,1,1,0,0,https://docs.scalekit.com/integrations/auth0,200,,NextAuth0,,text,false,false,false,false,false,true,2024-11-20 17:42:22,2025-04-07 22:48:01,,1
Integrations Overview | Scalekit Docs,https://docs.scalekit.com/integrations,,,200,4.3,0,1,1,0,0,https://docs.scalekit.com/integrations/aws-cognito,404,,AWS Cognito AWS CognitoIntegrate Scalekit in your AWS Cognito,,image,false,false,false,false,false,true,2025-03-15 02:26:13,2025-04-06 14:01:25,,1
Integrations Overview | Scalekit Docs,https://docs.scalekit.com/integrations,,,200,4.3,0,1,1,0,0,https://docs.scalekit.com/integrations/azure-ad-saml,200,,Entra ID (Azure AD) SAML Entra ID (Azure AD) SAMLConfigure Single Sign-on using Entra ID (Azure AD),,image,false,false,false,false,false,true,2024-07-26 21:55:19,2025-04-06 14:01:25,,1
Integrating Scalekit with Firebase for Seamless Single Sign-on Authentication | Scalekit Docs,https://docs.scalekit.com/integrations/firebase,,,200,1.3,0,4,4,0,0,https://docs.scalekit.com/integrations/azure-ad-saml,200,,Azure AD - SAML,,text,false,false,false,false,false,true,2024-07-26 18:53:51,2025-04-06 15:36:55,,19
Integrations Overview | Scalekit Docs,https://docs.scalekit.com/integrations,,,200,4.3,0,1,1,0,0,https://docs.scalekit.com/integrations/azure-scim,200,,Azure SCIM Azure SCIMIntegrate Scalekit in your Azure Tenant,,image,false,false,false,false,false,true,2024-11-24 05:58:38,2025-04-06 14:01:25,,1
AWS Cognito | Scalekit Docs,https://docs.scalekit.com/integrations/cognito,,,200,0,0,2,2,0,0,https://docs.scalekit.com/integrations/azure-scim,200,,Azure AD,,text,false,false,false,false,false,true,2025-03-10 15:17:33,2025-04-07 21:35:48,,17
Okta Directory (SCIM Provisioning) | Scalekit Docs,https://docs.scalekit.com/integrations/okta-scim,,,200,2.8,0,2,2,0,1,https://docs.scalekit.com/integrations/azure-scim,200,,NextAzure AD,,text,false,false,false,false,false,true,2024-11-20 17:13:38,2025-04-07 21:57:55,,1
JumpCloud Directory | Scalekit Docs,https://docs.scalekit.com/integrations/scim-connections/jumpcloud,,,200,0,0,1,1,0,0,https://docs.scalekit.com/integrations/azure-scim,200,,PreviousAzure AD,,text,false,false,false,false,false,true,2025-01-09 14:35:09,2025-04-07 22:29:10,,1
Integrating Scalekit with Auth0 for Seamless Single Sign-on Authentication | Scalekit Docs,https://docs.scalekit.com/integrations/auth0,,,200,0.6,0,2,5,0,0,https://docs.scalekit.com/integrations/cognito,200,,AWS Cognito,,text,false,false,false,false,false,true,2025-03-10 17:23:05,2025-04-06 22:17:36,,20
Integrate Scalekit with Firebase for Seamless Single Sign-on Authentication | Scalekit Docs,https://docs.scalekit.com/sso/guides/integrate-with-your-auth-system/firebase,en,,200,6,0,4,4,0,0,https://docs.scalekit.com/integrations/cognito,200,,NextIntegrate with AWS Cognito,,text,false,false,false,false,false,true,2025-03-10 13:46:24,2025-04-04 09:12:56,,1
Scalekit Authorization URL Guide | Configure SSO Authentication Flow | Scalekit Docs,https://docs.scalekit.com/sso/guides/key-concepts/authorization-url,en,,200,3.4,0,1,1,0,0,https://docs.scalekit.com/integrations/cognito,200,,PreviousIntegrate with AWS Cognito,,text,false,false,false,false,false,true,2025-03-10 13:53:11,2025-04-04 11:26:26,,1
Scalekit Redirect URI Guide | Configure Authentication Endpoints | Scalekit Docs,https://docs.scalekit.com/sso/guides/key-concepts/redirect-uri,,,200,6,0,2,2,0,0,https://docs.scalekit.com/integrations/cognito,200,,Integrate with AWS Cognito,,text,false,false,false,false,false,true,2025-03-10 14:29:24,2025-04-04 13:52:28,,17
Integrations Overview | Scalekit Docs,https://docs.scalekit.com/integrations,,,200,4.3,0,1,1,0,0,https://docs.scalekit.com/integrations/firebase,200,,Firebase FirebaseIntegrate Scalekit in your Firebase Project,,image,false,false,false,false,false,true,2024-07-26 21:55:19,2025-04-06 14:01:25,,1
AWS Cognito | Scalekit Docs,https://docs.scalekit.com/integrations/cognito,,,200,0,0,2,2,0,0,https://docs.scalekit.com/integrations/firebase,200,,PreviousFirebase,,text,false,false,false,false,false,true,2025-03-10 15:17:33,2025-04-07 21:35:48,,1
Configuring OneLogin SAML for Single Sign-On | Scalekit Docs,https://docs.scalekit.com/integrations/onelogin-saml,,,200,1.2,0,1,1,0,0,https://docs.scalekit.com/integrations/firebase,200,,Firebase,,text,false,false,false,false,false,true,2024-07-26 23:09:23,2025-04-07 23:05:41,,18
Integrations Overview | Scalekit Docs,https://docs.scalekit.com/integrations,,,200,4.3,0,1,1,0,0,https://docs.scalekit.com/integrations/jumpcloud-saml,200,,JumpCloud SAML JumpCloud SAMLConfigure Single Sign-on using JumpCloud,,image,false,false,false,false,false,true,2024-07-26 21:55:19,2025-04-06 14:01:25,,1
Configuring OneLogin SAML for Single Sign-On | Scalekit Docs,https://docs.scalekit.com/integrations/onelogin-saml,,,200,1.2,0,1,1,0,0,https://docs.scalekit.com/integrations/jumpcloud-saml,200,,JumpCloud - SAML,,text,false,false,false,false,false,true,2024-07-26 23:09:23,2025-04-07 23:05:41,,19
Integrations Overview | Scalekit Docs,https://docs.scalekit.com/integrations,,,200,4.3,0,1,1,0,0,https://docs.scalekit.com/integrations/oidc,200,,OpenID Connect (OIDC) OpenID Connect (OIDC)Configure OIDC based Single Sign-on with any Identity Provider,,image,false,false,false,false,false,true,2024-07-26 21:55:19,2025-04-06 14:01:25,,1
Okta Directory (SCIM Provisioning) | Scalekit Docs,https://docs.scalekit.com/integrations/okta-scim,,,200,2.8,0,2,2,0,1,https://docs.scalekit.com/integrations/oidc,200,,PreviousGeneric Provider - OIDC,,text,false,false,false,false,false,true,2024-11-20 17:13:38,2025-04-07 21:57:55,,1
OneLogin SCIM | Scalekit Docs,https://docs.scalekit.com/integrations/onelogin-scim,,,200,2.8,0,1,1,0,0,https://docs.scalekit.com/integrations/oidc,200,,Generic Provider - OIDC,,text,false,false,false,false,false,true,2024-11-20 17:42:22,2025-04-07 22:48:01,,18
Implementing SSO with Java Spring Boot | Scalekit Blog,https://www.scalekit.com/blog/sso-java-spring-boot,en,,200,0,0,5,5,0,0,https://docs.scalekit.com/integrations/oidc,200,but Scalekit simplifies the process. It supports both SAML and,OpenID Connect (OIDC),"out of the box, seamlessly managing token exchanges, assertion parsing,",text,true,false,false,false,false,true,2025-04-07 10:01:27,2025-04-07 10:01:27,,1
Integrations Overview | Scalekit Docs,https://docs.scalekit.com/integrations,,,200,4.3,0,1,1,0,0,https://docs.scalekit.com/integrations/okta-saml,200,,Okta SAML Okta SAMLConfigure Single Sign-on using Okta,,image,false,false,false,false,false,true,2024-07-26 21:55:19,2025-04-06 14:01:25,,1
Configuring OneLogin SAML for Single Sign-On | Scalekit Docs,https://docs.scalekit.com/integrations/onelogin-saml,,,200,1.2,0,1,1,0,0,https://docs.scalekit.com/integrations/okta-saml,200,,Okta - SAML,,text,false,false,false,false,false,true,2024-07-26 23:09:23,2025-04-07 23:05:41,,19
Scalekit SSO Testing with Okta | Validate Integration Scenarios | Scalekit Docs,https://docs.scalekit.com/sso/guides/test-your-integration/using-okta,,,200,2.3,0,2,2,0,0,https://docs.scalekit.com/integrations/okta-saml,200,Open the Admin Portal link and follow our,Okta Integration guide,to setup an active SSO connection using Okta.,text,true,false,false,false,false,true,2024-08-01 01:28:49,2025-04-03 14:41:03,,1
Integrations Overview | Scalekit Docs,https://docs.scalekit.com/integrations,,,200,4.3,0,1,1,0,0,https://docs.scalekit.com/integrations/okta-scim,200,,Okta SCIM Okta SCIMIntegrate Scalekit in your Okta Tenant,,image,false,false,false,false,false,true,2024-11-24 05:58:38,2025-04-06 14:01:25,,1
Scalekit Microsoft Entra ID Guide | Configure SAML SSO | Scalekit Docs,https://docs.scalekit.com/integrations/azure-ad-saml,,,200,1.2,0,2,2,0,1,https://docs.scalekit.com/integrations/okta-scim,200,,Okta,,text,false,false,false,false,false,true,2024-11-24 11:17:07,2025-04-03 13:37:10,,18
Microsoft Entra ID | Scalekit Docs,https://docs.scalekit.com/integrations/azure-scim,,,200,5,0,1,1,0,3,https://docs.scalekit.com/integrations/okta-scim,200,,PreviousOkta,,text,false,false,false,false,false,true,2024-11-20 16:49:02,2025-04-08 07:29:15,,1
Integrations Overview | Scalekit Docs,https://docs.scalekit.com/integrations,,,200,4.3,0,1,1,0,0,https://docs.scalekit.com/integrations/onelogin-saml,200,,OneLogin SAML OneLogin SAMLConfigure Single Sign-on using OneLogin,,image,false,false,false,false,false,true,2024-07-26 21:55:19,2025-04-06 14:01:25,,1
JumpCloud Directory | Scalekit Docs,https://docs.scalekit.com/integrations/scim-connections/jumpcloud,,,200,0,0,1,1,0,0,https://docs.scalekit.com/integrations/onelogin-saml,200,,OneLogin - SAML,,text,false,false,false,false,false,true,2025-01-09 14:35:09,2025-04-07 22:29:10,,19
Implementing SSO with OneLogin in React & Node.js | Scalekit Blog,https://www.scalekit.com/blog/sso-onelogin-reactjs-guide,en,,200,0,0,6,7,0,0,https://docs.scalekit.com/integrations/onelogin-saml,200,Check Scalekitâ€™s documentation for,configuring OneLogin for SSO,". With these steps completed, enterprise users will be able",text,true,false,false,false,false,true,2025-03-14 00:17:27,2025-04-07 08:19:18,,1
Integrations Overview | Scalekit Docs,https://docs.scalekit.com/integrations,,,200,4.3,0,1,1,0,0,https://docs.scalekit.com/integrations/onelogin-scim,200,,OneLogin SCIM OneLogin SCIMIntegrate Scalekit in your Azure Tenant,,image,false,false,false,false,false,true,2024-11-24 05:58:38,2025-04-06 14:01:25,,1
JumpCloud Directory | Scalekit Docs,https://docs.scalekit.com/integrations/scim-connections/jumpcloud,,,200,0,0,1,1,0,0,https://docs.scalekit.com/integrations/onelogin-scim,200,,NextOneLogin,,text,false,false,false,false,false,true,2025-01-09 14:35:09,2025-04-07 22:29:10,,1
Scalekit LinkedIn Sign-In Guide | Configure Social Authentication | Scalekit Docs,https://docs.scalekit.com/integrations/social-connections/linkedin,,,200,1.2,0,2,2,0,0,https://docs.scalekit.com/integrations/onelogin-scim,200,,OneLogin,,text,false,false,false,false,false,true,2024-11-20 14:06:09,2025-04-07 12:35:50,,18
Integrations Overview | Scalekit Docs,https://docs.scalekit.com/integrations,,,200,4.3,0,1,1,0,0,https://docs.scalekit.com/integrations/saml,200,,SAML 2.0 SAML 2.0Configure SAML Single Sign-on with any Identity Provider,,image,false,false,false,false,false,true,2024-07-26 21:55:19,2025-04-06 14:01:25,,1
Scalekit Microsoft Entra ID Guide | Configure SAML SSO | Scalekit Docs,https://docs.scalekit.com/integrations/azure-ad-saml,,,200,1.2,0,2,2,0,1,https://docs.scalekit.com/integrations/saml,200,,Generic Provider - SAML,,text,false,false,false,false,false,true,2024-07-26 22:22:04,2025-04-03 13:37:10,,19
Implementing SSO with Java Spring Boot | Scalekit Blog,https://www.scalekit.com/blog/sso-java-spring-boot,en,,200,0,0,5,5,0,0,https://docs.scalekit.com/integrations/saml,200,"be complex, but Scalekit simplifies the process. It supports both",SAML,"and OpenID Connect (OIDC) out of the box, seamlessly managing",text,true,false,false,false,false,true,2025-04-07 10:01:27,2025-04-07 10:01:27,,1
Microsoft Entra ID | Scalekit Docs,https://docs.scalekit.com/integrations/azure-scim,,,200,5,0,1,1,0,3,https://docs.scalekit.com/integrations/scim-connections/jumpcloud,200,,NextJumpCloud,,text,false,false,false,false,false,true,2025-01-17 19:08:58,2025-04-08 07:29:15,,1
OneLogin SCIM | Scalekit Docs,https://docs.scalekit.com/integrations/onelogin-scim,,,200,2.8,0,1,1,0,0,https://docs.scalekit.com/integrations/scim-connections/jumpcloud,200,,PreviousJumpCloud,,text,false,false,false,false,false,true,2025-01-17 19:22:40,2025-04-07 22:48:01,,1
Scalekit GitHub Sign-In Guide | Configure Social Authentication | Scalekit Docs,https://docs.scalekit.com/integrations/social-connections/github,,,200,2.4,0,2,2,0,0,https://docs.scalekit.com/integrations/scim-connections/jumpcloud,200,,JumpCloud,,text,false,false,false,false,false,true,2025-01-17 19:02:12,2025-04-08 05:38:49,,18
Integrations Overview | Scalekit Docs,https://docs.scalekit.com/integrations,,,200,4.3,0,1,1,0,0,https://docs.scalekit.com/integrations/social-connections/github,200,,GitHub GitHubAdd GitHub Sign-in to your app,,image,false,false,false,false,false,true,2024-10-31 04:41:49,2025-04-06 14:01:25,,1
Configuring OneLogin SAML for Single Sign-On | Scalekit Docs,https://docs.scalekit.com/integrations/onelogin-saml,,,200,1.2,0,1,1,0,0,https://docs.scalekit.com/integrations/social-connections/github,200,,Github,,text,false,false,false,false,false,true,2024-11-03 19:30:42,2025-04-07 23:05:41,,19
Integrations Overview | Scalekit Docs,https://docs.scalekit.com/integrations,,,200,4.3,0,1,1,0,0,https://docs.scalekit.com/integrations/social-connections/gitlab,200,,GitLab GitLabAdd GitLab Sign-in to your app,,image,false,false,false,false,false,true,2024-10-31 04:41:49,2025-04-06 14:01:25,,1
Configuring OneLogin SAML for Single Sign-On | Scalekit Docs,https://docs.scalekit.com/integrations/onelogin-saml,,,200,1.2,0,1,1,0,0,https://docs.scalekit.com/integrations/social-connections/gitlab,200,,Gitlab,,text,false,false,false,false,false,true,2024-11-03 19:30:42,2025-04-07 23:05:41,,19
Integrations Overview | Scalekit Docs,https://docs.scalekit.com/integrations,,,200,4.3,0,1,1,0,0,https://docs.scalekit.com/integrations/social-connections/google,200,,Google GoogleAdd Google Sign-in to your app,,image,false,false,false,false,false,true,2024-10-31 04:41:49,2025-04-06 14:01:25,,1
AWS Cognito | Scalekit Docs,https://docs.scalekit.com/integrations/cognito,,,200,0,0,2,2,0,0,https://docs.scalekit.com/integrations/social-connections/google,200,,NextGoogle,,text,false,false,false,false,false,true,2025-03-10 15:17:33,2025-04-07 21:35:48,,1
Scalekit Okta SAML Guide | Configure SSO Integration | Scalekit Docs,https://docs.scalekit.com/integrations/okta-saml,en,,200,1.8,0,1,1,0,0,https://docs.scalekit.com/integrations/social-connections/google,200,,Google,,text,false,false,false,false,false,true,2024-11-02 23:13:18,2025-04-04 07:11:58,,18
Integrations Overview | Scalekit Docs,https://docs.scalekit.com/integrations,,,200,4.3,0,1,1,0,0,https://docs.scalekit.com/integrations/social-connections/linkedin,200,,LinkedIn LinkedInAdd LinkedIn Sign-in to your app,,image,false,false,false,false,false,true,2024-10-31 04:41:49,2025-04-06 14:01:25,,1
AWS Cognito | Scalekit Docs,https://docs.scalekit.com/integrations/cognito,,,200,0,0,2,2,0,0,https://docs.scalekit.com/integrations/social-connections/linkedin,200,,LinkedIn,,text,false,false,false,false,false,true,2025-03-10 15:17:33,2025-04-07 21:35:48,,19
Integrations Overview | Scalekit Docs,https://docs.scalekit.com/integrations,,,200,4.3,0,1,1,0,0,https://docs.scalekit.com/integrations/social-connections/microsoft,200,,Microsoft MicrosoftAdd Microsoft Sign-in to your app,,image,false,false,false,false,false,true,2024-10-31 04:41:49,2025-04-06 14:01:25,,1
Scalekit Salesforce Sign-In Guide | Configure Social Authentication | Scalekit Docs,https://docs.scalekit.com/integrations/social-connections/salesforce,,,200,3.7,0,2,2,0,0,https://docs.scalekit.com/integrations/social-connections/microsoft,200,,Microsoft,,text,false,false,false,false,false,true,2024-11-14 20:47:35,2025-04-08 03:03:28,,19
"Comparing Social Login Providers: Features, Benefits, and Best Picks | Scalekit",https://www.scalekit.com/blog/comparing-social-login-providers,en,,200,1.2,1,7,7,0,9,https://docs.scalekit.com/integrations/social-connections/microsoft,200,"up Microsoft as a sign-in option, consult Scalekit's documentation on",Microsoft as Your Sign-In Option,.,text,true,false,false,false,true,true,2024-11-29 16:59:24,2025-04-07 06:18:31,,1
Integrations Overview | Scalekit Docs,https://docs.scalekit.com/integrations,,,200,4.3,0,1,1,0,0,https://docs.scalekit.com/integrations/social-connections/salesforce,200,,Salesforce SalesforceAdd Salesforce Sign-in,,image,false,false,false,false,false,true,2024-10-31 04:41:49,2025-04-06 14:01:25,,1
Configuring JumpCloud SAML for Single Sign-On | Scalekit Docs,https://docs.scalekit.com/integrations/jumpcloud-saml,en,,200,1.2,0,1,1,0,0,https://docs.scalekit.com/integrations/social-connections/salesforce,200,,Salesforce,,text,false,false,false,false,false,true,2024-11-03 03:21:47,2025-04-04 08:27:51,,19
Contact Us | Scalekit Docs,https://docs.scalekit.com/contact-us,,,200,0,0,2,2,0,0,https://docs.scalekit.com/manage-scalekit/glossary,200,,Glossary,,text,false,false,false,false,false,true,2025-02-23 10:13:59,2025-04-05 13:58:53,,4
,https://docs.scalekit.com/manage-scalekit/organization,,,301,1.7,0,0,0,0,0,https://docs.scalekit.com/manage-scalekit/organization/,200,,,,redirect,false,false,false,false,false,true,2024-08-13 14:47:34,2024-11-04 04:54:38,,2
Automated Role Assignment: Directory-Based Access Control | Scalekit Docs,https://docs.scalekit.com/scim/automatically-assign-roles,,,200,3.6,0,1,1,0,0,https://docs.scalekit.com/scim/admin-portal,200,,Admin Portal,,text,false,false,false,false,false,true,2024-11-20 21:00:30,2025-04-05 12:50:11,,27
SCIM Service Launch Checklist: Essential Steps for Production Deployment | Scalekit Docs,https://docs.scalekit.com/scim/checklist,en,,200,3.6,0,1,1,0,0,https://docs.scalekit.com/scim/automatically-assign-roles,200,,NextAutomated Role Assignment,,text,false,false,false,false,false,true,2024-11-20 21:20:42,2025-04-04 09:59:29,,1
Customizing the Admin Portal in Scalekit | Scalekit Docs,https://docs.scalekit.com/scim/domain-and-theme-customization,en,,200,5,0,3,4,0,0,https://docs.scalekit.com/scim/automatically-assign-roles,200,,PreviousAutomated Role Assignment,,text,false,false,false,false,false,true,2024-11-20 21:30:52,2025-04-04 12:15:55,,1
SCIM Protocol Guide: Understanding Identity Management Standards | Scalekit Docs,https://docs.scalekit.com/scim/scim-protocol,,,200,5,0,4,5,0,0,https://docs.scalekit.com/scim/automatically-assign-roles,200,,Automated Role Assignment,,text,false,false,false,false,false,true,2024-11-20 21:52:33,2025-04-05 23:32:11,,7
Automate role assignment workflows with Scalekit,https://www.scalekit.com/product-updates/automate-role-assignments-with-directory-groups,en,,200,0,0,5,5,0,0,https://docs.scalekit.com/scim/automatically-assign-roles,200,ðŸ“–,Follow our guide on role assignment,to automate roles,text,true,false,false,false,false,true,2025-02-27 04:03:20,2025-04-07 18:14:04,,1
Customizing the Admin Portal in Scalekit | Scalekit Docs,https://docs.scalekit.com/scim/domain-and-theme-customization,en,,200,5,0,3,4,0,0,https://docs.scalekit.com/scim/basics,200,,NextSCIM Provisioning: Overview,,text,false,false,false,false,false,true,2024-11-20 21:30:52,2025-04-04 12:15:55,,1
Scalekit SCIM Quickstart | Automate User Provisioning Seamlessly | Scalekit Docs,https://docs.scalekit.com/scim/quickstart,,,200,2.3,0,1,1,0,0,https://docs.scalekit.com/scim/basics,200,,SCIM Provisioning: Overview,,text,true,false,false,false,false,true,2024-11-20 18:04:08,2025-04-06 20:51:45,,7
SCIM Protocol Guide: Understanding Identity Management Standards | Scalekit Docs,https://docs.scalekit.com/scim/scim-protocol,,,200,5,0,4,5,0,0,https://docs.scalekit.com/scim/basics,200,,PreviousSCIM Provisioning: Overview,,text,false,false,false,false,false,true,2024-11-20 21:52:33,2025-04-05 23:32:11,,1
SCIM Admin Portal: Configure User Provisioning with Scalekit | Scalekit Docs,https://docs.scalekit.com/scim/admin-portal,en,,200,3.2,0,1,1,0,0,https://docs.scalekit.com/scim/checklist,200,,NextLaunch Checklist,,text,false,false,false,false,false,true,2024-11-20 20:48:19,2025-04-04 09:28:03,,2
Automated Role Assignment: Directory-Based Access Control | Scalekit Docs,https://docs.scalekit.com/scim/automatically-assign-roles,,,200,3.6,0,1,1,0,0,https://docs.scalekit.com/scim/checklist,200,,PreviousLaunch Checklist,,text,false,false,false,false,false,true,2024-11-20 21:00:30,2025-04-05 12:50:11,,2
SCIM Service Launch Checklist: Essential Steps for Production Deployment | Scalekit Docs,https://docs.scalekit.com/scim/checklist,en,,200,3.6,0,1,1,0,0,https://docs.scalekit.com/scim/checklist,200,,Launch Checklist,,text,false,false,false,false,false,true,2024-11-20 21:20:42,2025-04-04 09:59:29,,24
SCIM Admin Portal: Configure User Provisioning with Scalekit | Scalekit Docs,https://docs.scalekit.com/scim/admin-portal,en,,200,3.2,0,1,1,0,0,https://docs.scalekit.com/scim/domain-and-theme-customization,200,to match your brand's logo and colors. Refer to the,Customize Admin Portal Guide,for more information.,text,true,false,false,false,false,true,2024-11-20 20:48:19,2025-04-04 09:28:03,,2
Automated Role Assignment: Directory-Based Access Control | Scalekit Docs,https://docs.scalekit.com/scim/automatically-assign-roles,,,200,3.6,0,1,1,0,0,https://docs.scalekit.com/scim/domain-and-theme-customization,200,,NextCustomize Admin Portal,,text,false,false,false,false,false,true,2024-11-20 21:00:30,2025-04-05 12:50:11,,2
Understanding SCIM Provisioning: Core Concepts and Benefits | Scalekit Docs,https://docs.scalekit.com/scim/basics,en,,200,3.7,0,1,1,0,0,https://docs.scalekit.com/scim/domain-and-theme-customization,200,,PreviousCustomize Admin Portal,,text,false,false,false,false,false,true,2024-11-20 21:10:25,2025-04-04 14:38:17,,2
SCIM Service Launch Checklist: Essential Steps for Production Deployment | Scalekit Docs,https://docs.scalekit.com/scim/checklist,en,,200,3.6,0,1,1,0,0,https://docs.scalekit.com/scim/domain-and-theme-customization,200,file post CNAME configuration. Read,customizing the admin portal,on how to match your brand.,text,true,false,false,false,false,true,2024-11-20 21:20:42,2025-04-04 09:59:29,,1
Customizing the Admin Portal in Scalekit | Scalekit Docs,https://docs.scalekit.com/scim/domain-and-theme-customization,en,,200,5,0,3,4,0,0,https://docs.scalekit.com/scim/domain-and-theme-customization,200,,Customize Admin Portal,,text,true,false,false,false,false,true,2024-11-20 21:30:52,2025-04-04 12:15:55,,20
Scalekit Custom Domains: Branded authentication flows,https://www.scalekit.com/product-updates/custom-domains-available-on-all-plans,en,,200,0,0,5,5,0,0,https://docs.scalekit.com/scim/domain-and-theme-customization,200,ðŸ“–Read moreabout,Admin Portal customizations,.,text,true,false,false,false,false,true,2025-02-28 14:46:23,2025-04-08 04:52:46,,1
SCIM Admin Portal: Configure User Provisioning with Scalekit | Scalekit Docs,https://docs.scalekit.com/scim/admin-portal,en,,200,3.2,0,1,1,0,0,https://docs.scalekit.com/scim/explore-sample-apps,200,,PreviousSample Apps,,text,false,false,false,false,false,true,2024-11-20 20:48:19,2025-04-04 09:28:03,,1
SCIM Service Launch Checklist: Essential Steps for Production Deployment | Scalekit Docs,https://docs.scalekit.com/scim/checklist,en,,200,3.6,0,1,1,0,0,https://docs.scalekit.com/scim/explore-sample-apps,200,,Sample Apps,,text,false,false,false,false,false,true,2024-11-20 21:20:42,2025-04-04 09:59:29,,7
Scalekit SCIM Quickstart | Automate User Provisioning Seamlessly | Scalekit Docs,https://docs.scalekit.com/scim/quickstart,,,200,2.3,0,1,1,0,0,https://docs.scalekit.com/scim/explore-sample-apps,200,,NextSample Apps,,text,true,false,false,false,false,true,2024-11-20 18:04:08,2025-04-06 20:51:45,,1
Scalekit Documentation | Enterprise Authentication Integration Guide | Scalekit Docs,https://docs.scalekit.com/,,,200,1.4,3,2,2,0,0,https://docs.scalekit.com/scim/quickstart,200,,SCIM Quickstart ->,,text,true,false,false,false,false,true,2024-11-23 21:26:25,2025-04-05 02:39:14,,1
Microsoft Entra ID | Scalekit Docs,https://docs.scalekit.com/integrations/azure-scim,,,200,5,0,1,1,0,3,https://docs.scalekit.com/scim/quickstart,200,Single Sign-on,SCIM Provisioning,SDKs API Integrations,text,false,false,false,false,false,true,2024-11-20 16:49:02,2025-04-08 07:29:15,,52
SCIM Integration Examples: Sample Applications and Code Samples | Scalekit Docs,https://docs.scalekit.com/scim/explore-sample-apps,en,,200,3.2,0,2,3,0,0,https://docs.scalekit.com/scim/quickstart,200,,PreviousSCIM Quickstart,,text,false,false,false,false,false,true,2024-11-20 21:41:55,2025-04-04 12:40:21,,1
User lifecycle management with Scalekit | Scalekit blog,https://www.scalekit.com/blog/user-lifecycle-management-after-scalekit,en,,200,0,0,4,4,0,0,https://docs.scalekit.com/scim/quickstart,200,,SCIM Quickstart,,text,true,false,false,false,false,true,2025-02-28 14:25:20,2025-04-08 00:51:24,,1
Automate role assignment workflows with Scalekit,https://www.scalekit.com/product-updates/automate-role-assignments-with-directory-groups,en,,200,0,0,5,5,0,0,https://docs.scalekit.com/scim/quickstart,200,"To configure endpoints and manage subscriptions, explore",Scalekit documentation on SCIM,.,text,true,false,false,false,false,true,2025-02-27 04:03:20,2025-04-07 18:14:04,,1
Automate SCIM provisioning with Scalekit,https://www.scalekit.com/product-updates/scim-provisioning-across-directories,en,,200,0,0,4,4,0,0,https://docs.scalekit.com/scim/quickstart,200,ðŸ‘‰ Explore our,Quickstart Guide,for step-by-step instructions,text,true,false,false,false,false,true,2025-02-27 04:20:54,2025-04-07 22:10:14,,1
Scalekit SCIM Provisioning: Automated user lifecycle management for enterprise,https://www.scalekit.com/scim-provisioning,en,,200,0.4,0,4,4,0,2,https://docs.scalekit.com/scim/quickstart,200,,Quickstart SCIM,,text,false,false,false,false,false,true,2025-01-17 19:17:25,2025-04-06 04:16:41,,1
Streamline Directory Integrations with Scalekitâ€™s SCIM Solution,https://www.scalekit.com/scim/directory-integrations,en,,200,0,0,4,4,0,0,https://docs.scalekit.com/scim/quickstart,200,,Explore docs,,text,false,false,false,false,false,true,2025-03-01 18:47:29,2025-04-08 06:09:07,,1
Effortless SCIM User Provisioning with Scalekit | Automate Identity Management,https://www.scalekit.com/scim/user-provisioning,en,,200,0,0,4,4,0,0,https://docs.scalekit.com/scim/quickstart,200,,Quickstart,,text,false,false,false,false,false,true,2025-03-01 20:04:00,2025-04-08 06:59:20,,1
Automated Role Assignment: Directory-Based Access Control | Scalekit Docs,https://docs.scalekit.com/scim/automatically-assign-roles,,,200,3.6,0,1,1,0,0,https://docs.scalekit.com/scim/scim-protocol,200,,SCIM Protocol: Technical Details,,text,false,false,false,false,false,true,2024-11-20 21:00:30,2025-04-05 12:50:11,,7
Understanding SCIM Provisioning: Core Concepts and Benefits | Scalekit Docs,https://docs.scalekit.com/scim/basics,en,,200,3.7,0,1,1,0,0,https://docs.scalekit.com/scim/scim-protocol,200,,NextSCIM Protocol: Technical Details,,text,false,false,false,false,false,true,2024-11-20 21:10:25,2025-04-04 14:38:17,,1
Webhook Implementation Guide: Best Practices for SCIM Integration | Scalekit Docs,https://docs.scalekit.com/scim/webhooks,en,,200,1.5,0,1,1,0,0,https://docs.scalekit.com/scim/scim-protocol,200,,PreviousSCIM Protocol: Technical Details,,text,false,false,false,false,false,true,2024-11-26 19:02:05,2025-04-04 08:13:13,,1
Customizing the Admin Portal in Scalekit | Scalekit Docs,https://docs.scalekit.com/scim/domain-and-theme-customization,en,,200,5,0,3,4,0,0,https://docs.scalekit.com/scim/webhooks,200,,Webhook Best Practices,,text,false,false,false,false,false,true,2024-11-20 21:30:52,2025-04-04 12:15:55,,8
SCIM Protocol Guide: Understanding Identity Management Standards | Scalekit Docs,https://docs.scalekit.com/scim/scim-protocol,,,200,5,0,4,5,0,0,https://docs.scalekit.com/scim/webhooks,200,,NextWebhook Best Practices,,text,false,false,false,false,false,true,2024-11-20 21:52:33,2025-04-05 23:32:11,,1
SCIM Protocol Guide: Understanding Identity Management Standards | Scalekit Docs,https://docs.scalekit.com/scim/scim-protocol,,,200,5,0,4,5,0,0,https://docs.scalekit.com/sdks,200,Single Sign-on SCIM Provisioning,SDKs,API Integrations,text,false,false,false,false,false,true,2024-11-20 21:52:33,2025-04-05 23:32:11,,54
Scalekit SDKs: Official Libraries for Easy API Integration | Scalekit Docs,https://docs.scalekit.com/sdks,,,200,1.5,0,3,10,0,0,https://docs.scalekit.com/sso/domain-and-theme-customization,200,,Custom Domains,,text,false,false,false,false,false,true,2024-07-31 16:58:28,2025-04-07 19:17:16,,4
Scalekit SSO Testing with Okta | Validate Integration Scenarios | Scalekit Docs,https://docs.scalekit.com/sso/guides/test-your-integration/using-okta,,,200,2.3,0,2,2,0,0,https://docs.scalekit.com/sso/domain-and-theme-customization,200,You can,customize the admin portal,and theme it according to your application's brand guidelines to,text,true,false,false,false,false,true,2024-08-01 01:28:49,2025-04-03 14:41:03,,1
Integrate Scalekit with Firebase for Seamless Single Sign-on Authentication | Scalekit Docs,https://docs.scalekit.com/sso/guides/integrate-with-your-auth-system/firebase,en,,200,6,0,4,4,0,0,https://docs.scalekit.com/sso/guides/integrate-with-your-auth-system/auth0,200,,PreviousIntegrate with Auth0,,text,false,false,false,false,false,true,2024-07-31 23:25:25,2025-04-04 09:12:56,,1
Implement IdP-Initiated SSO with Scalekit | Secure Authentication Guide | Scalekit Docs,https://docs.scalekit.com/sso/guides/setup-sso/implement-idp-initiated-sso,,,200,5,0,1,1,0,0,https://docs.scalekit.com/sso/guides/integrate-with-your-auth-system/auth0,200,,Integrate with Auth0,,text,false,false,false,false,false,true,2024-08-01 01:18:08,2025-04-03 15:23:17,,17
Scalekit SSO Testing with Okta | Validate Integration Scenarios | Scalekit Docs,https://docs.scalekit.com/sso/guides/test-your-integration/using-okta,,,200,2.3,0,2,2,0,0,https://docs.scalekit.com/sso/guides/integrate-with-your-auth-system/auth0,200,,NextIntegrate with Auth0,,text,false,false,false,false,false,true,2024-08-01 01:28:49,2025-04-03 14:41:03,,1
Enhance Auth0 with SSO Integration Using Scalekit for B2B SaaS,https://www.scalekit.com/product-updates/enhance-auth0-identity-management-with-single-sign-on,en,,200,1.8,0,4,4,0,5,https://docs.scalekit.com/sso/guides/integrate-with-your-auth-system/auth0,200,the detailed documentation on integrating your Auth0 account with Scalekit,here,". Further, if you have any questions, feel free to",text,true,false,false,false,false,true,2024-10-01 19:55:05,2025-04-05 02:43:20,,1
Integrating Scalekit with Auth0 for Seamless Single Sign-on Authentication | Scalekit Docs,https://docs.scalekit.com/sso/guides/integrate-with-your-auth-system/auth0,,,200,5,0,2,5,0,0,https://docs.scalekit.com/sso/guides/integrate-with-your-auth-system/firebase,200,,NextIntegrate with Firebase,,text,false,false,false,false,false,true,2024-07-31 23:10:20,2025-04-04 10:51:38,,1
Scalekit User Profile Normalization | Simplify SSO Integration | Scalekit Docs,https://docs.scalekit.com/sso/guides/key-concepts/user-profile,,,200,6,0,1,1,0,0,https://docs.scalekit.com/sso/guides/integrate-with-your-auth-system/firebase,200,,Integrate with Firebase,,text,false,false,false,false,false,true,2024-08-01 00:21:49,2025-04-04 16:48:30,,18
Scalekit Redirect URI Guide | Configure Authentication Endpoints | Scalekit Docs,https://docs.scalekit.com/sso/guides/key-concepts/redirect-uri,,,200,6,0,2,2,0,0,https://docs.scalekit.com/sso/guides/key-concepts/authorization-url,200,,PreviousAuthorization URL,,text,false,false,false,false,false,true,2024-08-01 00:10:58,2025-04-04 13:52:28,,1
Scalekit Custom User Attributes | Enhance SSO with Personalized Data | Scalekit Docs,https://docs.scalekit.com/sso/guides/setup-sso/customize-user-attributes,,,200,3,0,2,3,0,0,https://docs.scalekit.com/sso/guides/key-concepts/authorization-url,200,,Authorization URL,,text,false,false,false,false,false,true,2024-08-01 00:44:12,2025-04-03 15:08:57,,17
Scalekit Social Login Integration | Simplify User Authentication | Scalekit Docs,https://docs.scalekit.com/sso/social-login,,,200,4.9,0,1,1,0,0,https://docs.scalekit.com/sso/guides/key-concepts/authorization-url,200,See our,Authorization URL Parameters Guide,for a full list of accepted parameters.,text,true,false,false,false,false,true,2024-08-01 02:11:53,2025-04-07 23:23:14,,1
Implementing User authentication with Google Sign-in | Scalekit,https://www.scalekit.com/blog/implement-secure-authentication-using-google-sign-in,en,,200,1.1,1,6,7,0,2,https://docs.scalekit.com/sso/guides/key-concepts/authorization-url,200,"a complete list ofAuthorization URL parametersyou can pass, refer to",the Authorization URL Parameters Guide,.,text,true,false,false,false,true,true,2024-09-30 22:55:38,2025-04-07 01:45:07,,1
Integrating Scalekit with Auth0 for Seamless Single Sign-on Authentication | Scalekit Docs,https://docs.scalekit.com/sso/guides/integrate-with-your-auth-system/auth0,,,200,5,0,2,5,0,0,https://docs.scalekit.com/sso/guides/key-concepts/idtoken-claims,200,,ID Token Claims,,text,false,false,false,false,false,true,2024-07-31 23:10:20,2025-04-04 10:51:38,,17
Scalekit Redirect URI Guide | Configure Authentication Endpoints | Scalekit Docs,https://docs.scalekit.com/sso/guides/key-concepts/redirect-uri,,,200,6,0,2,2,0,0,https://docs.scalekit.com/sso/guides/key-concepts/idtoken-claims,200,,NextID Token Claims,,text,false,false,false,false,false,true,2024-08-01 00:10:58,2025-04-04 13:52:28,,1
Scalekit User Profile Normalization | Simplify SSO Integration | Scalekit Docs,https://docs.scalekit.com/sso/guides/key-concepts/user-profile,,,200,6,0,1,1,0,0,https://docs.scalekit.com/sso/guides/key-concepts/idtoken-claims,200,,PreviousID Token Claims,,text,false,false,false,false,false,true,2024-08-01 00:21:49,2025-04-04 16:48:30,,1
SCIM Service Launch Checklist: Essential Steps for Production Deployment | Scalekit Docs,https://docs.scalekit.com/scim/checklist,en,,200,3.6,0,1,1,0,0,https://docs.scalekit.com/sso/guides/key-concepts/manage-client-secrets,200,application. Secure it with the utmost care. Go through our,best practices guide,to learn how to manage the client secrets safely and,text,true,false,false,false,false,true,2024-11-20 21:20:42,2025-04-04 09:59:29,,1
Scalekit User Profile Normalization | Simplify SSO Integration | Scalekit Docs,https://docs.scalekit.com/sso/guides/key-concepts/user-profile,,,200,6,0,1,1,0,0,https://docs.scalekit.com/sso/guides/key-concepts/manage-client-secrets,200,,NextManage Client Secrets,,text,false,false,false,false,false,true,2024-08-01 00:21:49,2025-04-04 16:48:30,,1
Scalekit SSO Launch Checklist | Ensure Production-Ready Integration | Scalekit Docs,https://docs.scalekit.com/sso/launch-checklist,,,200,4,0,1,1,0,0,https://docs.scalekit.com/sso/guides/key-concepts/manage-client-secrets,200,,Manage Client Secrets,,text,true,false,false,false,false,true,2024-08-01 01:39:05,2025-04-04 17:18:16,,17
Scalekit SSO Quickstart | Scalekit Docs,https://docs.scalekit.com/sso/quickstart,,,200,6,0,1,1,0,1,https://docs.scalekit.com/sso/guides/key-concepts/manage-client-secrets,200,regularly. See the,best practices for managing secrets,.,text,false,false,false,false,false,true,2024-08-01 02:00:31,2025-04-08 02:27:43,,1
Scalekit Authorization URL Guide | Configure SSO Authentication Flow | Scalekit Docs,https://docs.scalekit.com/sso/guides/key-concepts/authorization-url,en,,200,3.4,0,1,1,0,0,https://docs.scalekit.com/sso/guides/key-concepts/redirect-uri,200,,NextRedirect URI,,text,false,false,false,false,false,true,2024-07-31 23:37:39,2025-04-04 11:26:26,,1
Scalekit ID Token Claims | Understand User Authentication Details | Scalekit Docs,https://docs.scalekit.com/sso/guides/key-concepts/idtoken-claims,,,200,3.4,0,1,1,0,0,https://docs.scalekit.com/sso/guides/key-concepts/redirect-uri,200,,PreviousRedirect URI,,text,false,false,false,false,false,true,2024-07-31 23:48:26,2025-04-04 17:50:18,,1
Fetch User Attributes from Identity Provider | Scalekit Docs,https://docs.scalekit.com/sso/guides/setup-sso/handle-user-profile,en,,200,0.7,0,2,2,0,0,https://docs.scalekit.com/sso/guides/key-concepts/redirect-uri,200,Refer to the,Redirect URI,section for valid URIs,text,true,false,false,false,false,true,2024-08-01 01:07:02,2025-04-04 16:17:04,,1
Implement IdP-Initiated SSO with Scalekit | Secure Authentication Guide | Scalekit Docs,https://docs.scalekit.com/sso/guides/setup-sso/implement-idp-initiated-sso,,,200,5,0,1,1,0,0,https://docs.scalekit.com/sso/guides/key-concepts/redirect-uri,200,,Redirect URI,,text,false,false,false,false,false,true,2024-08-01 01:18:08,2025-04-03 15:23:17,,16
Scalekit SSO Launch Checklist | Ensure Production-Ready Integration | Scalekit Docs,https://docs.scalekit.com/sso/launch-checklist,,,200,4,0,1,1,0,0,https://docs.scalekit.com/sso/guides/key-concepts/redirect-uri,200,"the correct endpoints. For guidelines on valid configurations, visit our",Redirect URI configuration guide,.,text,true,false,false,false,false,true,2024-08-01 01:39:05,2025-04-04 17:18:16,,1
Scalekit ID Token Claims | Understand User Authentication Details | Scalekit Docs,https://docs.scalekit.com/sso/guides/key-concepts/idtoken-claims,,,200,3.4,0,1,1,0,0,https://docs.scalekit.com/sso/guides/key-concepts/user-profile,200,,NextNormalized User Profile,,text,false,false,false,false,false,true,2024-07-31 23:48:26,2025-04-04 17:50:18,,1
Scalekit Client Secrets Guide | Secure API Credential Management | Scalekit Docs,https://docs.scalekit.com/sso/guides/key-concepts/manage-client-secrets,,,200,4,0,1,1,0,0,https://docs.scalekit.com/sso/guides/key-concepts/user-profile,200,,PreviousNormalized User Profile,,text,false,false,false,false,false,true,2024-08-01 00:00:23,2025-04-04 13:29:18,,1
Scalekit Admin Portal Quickstart | Empower IT Admins with Self-Service SSO | Scalekit Docs,https://docs.scalekit.com/sso/quickstart-admin-portal,en,,200,6,0,1,1,0,0,https://docs.scalekit.com/sso/guides/key-concepts/user-profile,200,,Normalized User Profile,,text,false,false,false,false,false,true,2024-09-07 01:43:03,2025-04-04 04:43:25,,17
Scalekit Admin Portal Customization | Brand Your SSO Experience | Scalekit Docs,https://docs.scalekit.com/sso/domain-and-theme-customization,,,200,4.5,0,3,4,0,0,https://docs.scalekit.com/sso/guides/setup-sso/build-login-page,200,,PreviousAdd SSO to your Login Page,,text,false,false,false,false,false,true,2024-07-31 23:00:11,2025-04-07 16:46:08,,1
Fetch User Attributes from Identity Provider | Scalekit Docs,https://docs.scalekit.com/sso/guides/setup-sso/handle-user-profile,en,,200,0.7,0,2,2,0,0,https://docs.scalekit.com/sso/guides/setup-sso/build-login-page,200,Use this guide in conjunction with the scalekit-nextjs-example repository and,Build Login Page,guide.,text,false,false,false,false,false,true,2024-08-01 01:07:02,2025-04-04 16:17:04,,1
Implement IdP-Initiated SSO with Scalekit | Secure Authentication Guide | Scalekit Docs,https://docs.scalekit.com/sso/guides/setup-sso/implement-idp-initiated-sso,,,200,5,0,1,1,0,0,https://docs.scalekit.com/sso/guides/setup-sso/build-login-page,200,,Add SSO to your Login Page,,text,false,false,false,false,false,true,2024-08-01 01:18:08,2025-04-03 15:23:17,,16
Scalekit SSO Quickstart | Scalekit Docs,https://docs.scalekit.com/sso/quickstart,,,200,6,0,1,1,0,1,https://docs.scalekit.com/sso/guides/setup-sso/build-login-page,200,"authentication process. For a practical implementation example, refer to our",NextJS guide on adding SSO to the Login Page,", which demonstrates the complete user authorization flow with code",text,true,false,false,false,false,true,2024-08-01 02:00:31,2025-04-08 02:27:43,,1
Scalekit Social Login Integration | Simplify User Authentication | Scalekit Docs,https://docs.scalekit.com/sso/social-login,,,200,4.9,0,1,1,0,0,https://docs.scalekit.com/sso/guides/setup-sso/build-login-page,200,,NextAdd SSO to your Login Page,,text,false,false,false,false,false,true,2024-08-01 02:11:53,2025-04-07 23:23:14,,1
Scalekit SSO Error Handling | Manage Single Sign-On Issues Effectively | Scalekit Docs,https://docs.scalekit.com/sso/guides/setup-sso/error-handling,,,200,3.5,0,1,1,0,0,https://docs.scalekit.com/sso/guides/setup-sso/customize-user-attributes,200,,NextCustomize User Attributes,,text,false,false,false,false,false,true,2024-08-01 00:55:40,2025-04-04 22:04:42,,1
Implement IdP-Initiated SSO with Scalekit | Secure Authentication Guide | Scalekit Docs,https://docs.scalekit.com/sso/guides/setup-sso/implement-idp-initiated-sso,,,200,5,0,1,1,0,0,https://docs.scalekit.com/sso/guides/setup-sso/customize-user-attributes,200,,Customize User Attributes,,text,false,false,false,false,false,true,2024-08-01 01:18:08,2025-04-03 15:23:17,,17
Scalekit SSO Testing with Okta | Validate Integration Scenarios | Scalekit Docs,https://docs.scalekit.com/sso/guides/test-your-integration/using-okta,,,200,2.3,0,2,2,0,0,https://docs.scalekit.com/sso/guides/setup-sso/customize-user-attributes,200,,PreviousCustomize User Attributes,,text,false,false,false,false,false,true,2024-08-01 01:28:49,2025-04-03 14:41:03,,1
Scalekit ID Token Claims | Understand User Authentication Details | Scalekit Docs,https://docs.scalekit.com/sso/guides/key-concepts/idtoken-claims,,,200,3.4,0,1,1,0,0,https://docs.scalekit.com/sso/guides/setup-sso/error-handling,200,,Handle SSO Errors,,text,false,false,false,false,false,true,2024-07-31 23:48:26,2025-04-04 17:50:18,,17
Scalekit Custom User Attributes | Enhance SSO with Personalized Data | Scalekit Docs,https://docs.scalekit.com/sso/guides/setup-sso/customize-user-attributes,,,200,3,0,2,3,0,0,https://docs.scalekit.com/sso/guides/setup-sso/error-handling,200,,PreviousHandle SSO Errors,,text,false,false,false,false,false,true,2024-08-01 00:44:12,2025-04-03 15:08:57,,1
Implement IdP-Initiated SSO with Scalekit | Secure Authentication Guide | Scalekit Docs,https://docs.scalekit.com/sso/guides/setup-sso/implement-idp-initiated-sso,,,200,5,0,1,1,0,0,https://docs.scalekit.com/sso/guides/setup-sso/error-handling,200,,NextHandle SSO Errors,,text,false,false,false,false,false,true,2024-08-01 01:18:08,2025-04-03 15:23:17,,1
Implementing User authentication with Google Sign-in | Scalekit,https://www.scalekit.com/blog/implement-secure-authentication-using-google-sign-in,en,,200,1.1,1,6,7,0,2,https://docs.scalekit.com/sso/guides/setup-sso/handle-user-profile,200,"For more details on how to handle this, refer to",Scalekitâ€™s Guide on Handling User Profiles,.,text,true,false,false,false,true,true,2024-09-30 22:55:38,2025-04-07 01:45:07,,1
Scalekit Admin Portal Customization | Brand Your SSO Experience | Scalekit Docs,https://docs.scalekit.com/sso/domain-and-theme-customization,,,200,4.5,0,3,4,0,0,https://docs.scalekit.com/sso/guides/setup-sso/implement-idp-initiated-sso,200,,NextImplement IdP Initiated SSO,,text,false,false,false,false,false,true,2024-07-31 23:00:11,2025-04-07 16:46:08,,1
Scalekit Redirect URI Guide | Configure Authentication Endpoints | Scalekit Docs,https://docs.scalekit.com/sso/guides/key-concepts/redirect-uri,,,200,6,0,2,2,0,0,https://docs.scalekit.com/sso/guides/setup-sso/implement-idp-initiated-sso,200,Scalekit uses your configured default Redirect URI to redirect users.,Learn more about handling IdP-initiated SSO flows,.,text,false,false,false,false,false,true,2024-08-01 00:10:58,2025-04-04 13:52:28,,1
Scalekit SSO Login Page Integration | Enhance User Authentication UX | Scalekit Docs,https://docs.scalekit.com/sso/guides/setup-sso/build-login-page,en,,200,4.8,0,9,13,0,0,https://docs.scalekit.com/sso/guides/setup-sso/implement-idp-initiated-sso,200,,Implement IdP Initiated SSO,,text,false,false,false,false,false,true,2024-08-01 00:33:24,2025-04-04 04:23:07,,14
Scalekit SSO Error Handling | Manage Single Sign-On Issues Effectively | Scalekit Docs,https://docs.scalekit.com/sso/guides/setup-sso/error-handling,,,200,3.5,0,1,1,0,0,https://docs.scalekit.com/sso/guides/setup-sso/implement-idp-initiated-sso,200,,PreviousImplement IdP Initiated SSO,,text,false,false,false,false,false,true,2024-08-01 00:55:40,2025-04-04 22:04:42,,1
Scalekit SSO Testing with Okta | Validate Integration Scenarios | Scalekit Docs,https://docs.scalekit.com/sso/guides/test-your-integration/using-okta,,,200,2.3,0,2,2,0,0,https://docs.scalekit.com/sso/guides/setup-sso/implement-idp-initiated-sso,200,"SSO. For step-by-step details, check out this guide on the",implementing Idp-initiated SSO,,text,true,false,false,false,false,true,2024-08-01 01:28:49,2025-04-03 14:41:03,,1
Scalekit SSO Testing Guide | Validate Single Sign-On Integrations | Scalekit Docs,https://docs.scalekit.com/sso/test-sso,en,,200,4.4,0,1,1,0,0,https://docs.scalekit.com/sso/guides/setup-sso/implement-idp-initiated-sso,200,IdP-initiated or not to handle this scenario. Learn more about,implementing IdP initiated SSO,.,text,true,false,false,false,false,true,2024-08-17 01:21:53,2025-04-04 04:53:09,,1
Implementing SSO with OneLogin in React & Node.js | Scalekit Blog,https://www.scalekit.com/blog/sso-onelogin-reactjs-guide,en,,200,0,0,6,7,0,0,https://docs.scalekit.com/sso/guides/setup-sso/implement-idp-initiated-sso,200,ðŸ’¡Pro tip: Noticeidp_initiated_loginin the example code?,Read this guide,to allow enterprise users to log in to your app,text,true,false,false,false,false,true,2025-03-14 00:17:27,2025-04-07 08:19:18,,1
Implementing SSO login via Ping Identity in React JS | Scalekit Blog,https://www.scalekit.com/blog/sso-pingidentity-implementation-guide,en,,200,0,0,7,8,0,0,https://docs.scalekit.com/sso/guides/setup-sso/implement-idp-initiated-sso,200,Pro tip: Noticeidp_initiated_loginin the example code?,Read this guide,to allow enterprise users to log in to your app,text,true,false,false,false,false,true,2025-03-25 13:17:00,2025-04-04 06:40:06,,1
Integrating Scalekit with Auth0 for Seamless Single Sign-on Authentication | Scalekit Docs,https://docs.scalekit.com/sso/guides/integrate-with-your-auth-system/auth0,,,200,5,0,2,5,0,0,https://docs.scalekit.com/sso/guides/test-your-integration/using-okta,200,,PreviousTest SSO with Okta,,text,false,false,false,false,false,true,2024-07-31 23:10:20,2025-04-04 10:51:38,,1
Scalekit Custom User Attributes | Enhance SSO with Personalized Data | Scalekit Docs,https://docs.scalekit.com/sso/guides/setup-sso/customize-user-attributes,,,200,3,0,2,3,0,0,https://docs.scalekit.com/sso/guides/test-your-integration/using-okta,200,,NextTest SSO with Okta,,text,false,false,false,false,false,true,2024-08-01 00:44:12,2025-04-03 15:08:57,,1
Scalekit SSO Overview | Simplify Enterprise Single Sign-On Integration | Scalekit Docs,https://docs.scalekit.com/sso/overview,,,200,1.3,0,1,1,0,0,https://docs.scalekit.com/sso/guides/test-your-integration/using-okta,200,,Test SSO with Okta,,text,false,false,false,false,false,true,2024-08-01 01:49:55,2025-04-07 10:16:29,,17
Scalekit Documentation | Enterprise Authentication Integration Guide | Scalekit Docs,https://docs.scalekit.com/,,,200,1.4,3,2,2,0,0,https://docs.scalekit.com/sso/overview,200,,Single Sign-on,SCIM Provisioning SDKs API,text,false,false,false,false,false,true,2024-11-23 21:26:25,2025-04-05 02:39:14,,35
Scalekit SSO Quickstart | Scalekit Docs,https://docs.scalekit.com/sso/quickstart,,,200,6,0,1,1,0,1,https://docs.scalekit.com/sso/overview,200,,PreviousLearn SSO Basics,,text,false,false,false,false,false,true,2024-08-01 02:00:31,2025-04-08 02:27:43,,1
Scalekit Admin Portal Quickstart | Empower IT Admins with Self-Service SSO | Scalekit Docs,https://docs.scalekit.com/sso/quickstart-admin-portal,en,,200,6,0,1,1,0,0,https://docs.scalekit.com/sso/overview,200,,Learn SSO Basics,,text,false,false,false,false,false,true,2024-09-07 01:43:03,2025-04-04 04:43:25,,18
SCIM and ADFS: Automating identity lifecycle management for B2B SaaS | Scalekit Blog,https://www.scalekit.com/blog/scim-for-adfs,en,,200,0,0,5,5,0,0,https://docs.scalekit.com/sso/overview,200,Services (ADFS) bridges the gap by enabling authenticated access through,Single Sign-On (SSO),and centralized authentication.,text,true,false,false,false,false,true,2025-03-07 11:52:26,2025-04-04 07:27:53,,1
Scalekit Documentation | Enterprise Authentication Integration Guide | Scalekit Docs,https://docs.scalekit.com/,,,200,1.4,3,2,2,0,0,https://docs.scalekit.com/sso/quickstart,200,,NextScalekit SSO Quickstart,,text,true,false,false,false,false,true,2024-08-02 23:27:32,2025-04-05 02:39:14,,1
Scalekit API Reference | Comprehensive API Documentation | Scalekit Docs,https://docs.scalekit.com/apis,,,200,3.5,1,3,3,0,1,https://docs.scalekit.com/sso/quickstart,200,Refer to our,Quick Start Guide,,text,false,false,false,false,false,true,2024-08-03 04:03:27,2025-04-06 04:50:19,,1
Scalekit SDKs: Official Libraries for Easy API Integration | Scalekit Docs,https://docs.scalekit.com/sdks,,,200,1.5,0,3,10,0,0,https://docs.scalekit.com/sso/quickstart,200,,Single Sign-On,,text,false,false,false,false,false,true,2024-07-31 16:58:28,2025-04-07 19:17:16,,3
Scalekit Admin Portal Customization | Brand Your SSO Experience | Scalekit Docs,https://docs.scalekit.com/sso/domain-and-theme-customization,,,200,4.5,0,3,4,0,0,https://docs.scalekit.com/sso/quickstart,200,,SSO Quickstart,,text,false,false,false,false,false,true,2024-07-31 23:00:11,2025-04-07 16:46:08,,14
Scalekit SSO Login Page Integration | Enhance User Authentication UX | Scalekit Docs,https://docs.scalekit.com/sso/guides/setup-sso/build-login-page,en,,200,4.8,0,9,13,0,0,https://docs.scalekit.com/sso/quickstart,200,Using our,quickstart guide,", you may already have implemented Single Sign-on(SSO) between your",text,true,false,false,false,false,true,2024-08-01 00:33:24,2025-04-04 04:23:07,,1
Scalekit SSO Testing with Okta | Validate Integration Scenarios | Scalekit Docs,https://docs.scalekit.com/sso/guides/test-your-integration/using-okta,,,200,2.3,0,2,2,0,0,https://docs.scalekit.com/sso/quickstart,200,Using our,Quickstart guide,", you would have integrated Scalekit and implemented the SSO",text,true,false,false,false,false,true,2024-08-01 01:28:49,2025-04-03 14:41:03,,1
Scalekit SSO Overview | Simplify Enterprise Single Sign-On Integration | Scalekit Docs,https://docs.scalekit.com/sso/overview,,,200,1.3,0,1,1,0,0,https://docs.scalekit.com/sso/quickstart,200,,NextSSO Quickstart,,text,true,false,false,false,false,true,2024-08-01 01:49:55,2025-04-07 10:16:29,,1
Scalekit Admin Portal Quickstart | Empower IT Admins with Self-Service SSO | Scalekit Docs,https://docs.scalekit.com/sso/quickstart-admin-portal,en,,200,6,0,1,1,0,0,https://docs.scalekit.com/sso/quickstart,200,,PreviousSSO Quickstart,,text,false,false,false,false,false,true,2024-09-07 01:43:03,2025-04-04 04:43:25,,1
Scalekit SSO Testing Guide | Validate Single Sign-On Integrations | Scalekit Docs,https://docs.scalekit.com/sso/test-sso,en,,200,4.4,0,1,1,0,0,https://docs.scalekit.com/sso/quickstart,200,After implementing Single Sign-on using our,Quickstart guide,", now it's time to validate your integration for all",text,true,false,false,false,false,true,2024-08-17 01:21:53,2025-04-04 04:53:09,,1
,https://www.scalekit.com/blog/sso-auth-python,en,,200,0,0,4,4,0,0,https://docs.scalekit.com/sso/quickstart,200,add secure SSO to your Python backend using FastAPI and,Scalekitâ€™s Python SDK,". Youâ€™ll integrate login, handle callbacks, manage tokens, and test",text,true,false,false,false,false,true,2025-04-02 13:03:12,2025-04-07 09:37:35,,1
Scalekit SSO Solutions: Seamlessly Secure Access for Your B2B app,https://www.scalekit.com/sso,en,,200,1.3,0,4,4,0,3,https://docs.scalekit.com/sso/quickstart,200,,Quickstart SSO,,text,false,false,false,false,false,true,2025-01-17 18:45:07,2025-04-04 13:04:17,,1
One-click Login with any IdP,https://www.scalekit.com/sso/idp-initiated-sso,en,,200,0,0,4,4,0,4,https://docs.scalekit.com/sso/quickstart,200,,Quickstart guide,,text,false,false,false,false,false,true,2025-03-03 20:17:15,2025-04-06 06:45:05,,2
Scalekit Documentation | Enterprise Authentication Integration Guide | Scalekit Docs,https://docs.scalekit.com/,,,200,1.4,3,2,2,0,0,https://docs.scalekit.com/sso/quickstart-admin-portal,200,,Configure Admin Portal ->,,text,true,false,false,false,false,true,2024-08-02 23:27:32,2025-04-05 02:39:14,,1
AWS Cognito | Scalekit Docs,https://docs.scalekit.com/integrations/cognito,,,200,0,0,2,2,0,0,https://docs.scalekit.com/sso/quickstart-admin-portal,200,Scalekit integrates seamlessly with major identity providers . Use Scalekit's,admin portal,"to onboard enterprise customers, enabling them to set up connections",text,true,false,false,false,false,true,2025-03-10 15:17:33,2025-04-07 21:35:48,,1
Scalekit SSO Quickstart | Scalekit Docs,https://docs.scalekit.com/sso/quickstart,,,200,6,0,1,1,0,1,https://docs.scalekit.com/sso/quickstart-admin-portal,200,,NextAdmin Portal,,text,false,false,false,false,false,true,2024-08-01 02:00:31,2025-04-08 02:27:43,,2
Scalekit SSO Testing Guide | Validate Single Sign-On Integrations | Scalekit Docs,https://docs.scalekit.com/sso/test-sso,en,,200,4.4,0,1,1,0,0,https://docs.scalekit.com/sso/quickstart-admin-portal,200,,PreviousAdmin Portal,,text,false,false,false,false,false,true,2024-08-17 01:21:53,2025-04-04 04:53:09,,2
Enable self-serve B2B auth with Scalekitâ€™s Admin Portal,https://www.scalekit.com/admin-portal,en,,200,0,0,4,4,0,0,https://docs.scalekit.com/sso/quickstart-admin-portal,200,,Build admin portal,,text,false,false,false,false,false,true,2025-02-06 16:23:55,2025-04-07 10:57:05,,1
Streamline SSO Setup with Scalekit's Admin Portal for SaaS,https://www.scalekit.com/product-updates/admin-portal-your-customers-can-manage-sso-independently,en,,200,1.8,0,4,4,0,1,https://docs.scalekit.com/sso/quickstart-admin-portal,200,documentation on how to integrate Admin Portal into your application,here,". Further, if you have any questions, feel free to",text,true,false,false,false,false,true,2024-07-26 09:12:25,2025-04-04 21:18:13,,1
Scalekit Admin Portal Now Supports SCIM for Self-Serve Directory Management,https://www.scalekit.com/product-updates/scalekits-admin-portal-now-supports-scim,en,,200,0,0,4,4,0,0,https://docs.scalekit.com/sso/quickstart-admin-portal,200,ðŸ“–,Check out our guide,to integrate the Admin Portal into your app,text,true,false,false,false,false,true,2025-02-28 15:06:54,2025-04-08 04:17:53,,1
Scalekit SSO Solutions: Seamlessly Secure Access for Your B2B app,https://www.scalekit.com/sso,en,,200,1.3,0,4,4,0,3,https://docs.scalekit.com/sso/quickstart-admin-portal,200,,Customize now,,text,false,false,false,false,false,true,2025-01-17 18:45:07,2025-04-04 13:04:17,,1
Building SSO for B2B SaaS apps using Go | Scalekit Blog,https://www.scalekit.com/blog/building-sso-go,en,,200,0,0,4,4,0,0,https://docs.scalekit.com/sso/quickstart?tech-stack=golang,,,Scalekit's Go SDK,abstracts the Single Sign-On logic while giving you full control,text,true,false,false,false,false,true,2025-04-07 11:25:21,2025-04-07 11:25:21,,1
Implementing SSO with Java Spring Boot | Scalekit Blog,https://www.scalekit.com/blog/sso-java-spring-boot,en,,200,0,0,5,5,0,0,https://docs.scalekit.com/sso/quickstart?tech-stack=java,,,With Scalekitâ€™s Java SDK,", you donâ€™t need separate implementations for different authentication protocols.",text,true,false,false,false,false,true,2025-04-07 10:01:27,2025-04-07 10:01:27,,1
Scalekit Documentation | Enterprise Authentication Integration Guide | Scalekit Docs,https://docs.scalekit.com/,,,200,1.4,3,2,2,0,0,https://docs.scalekit.com/sso/social-login,200,,Social Logins Quickstart ->,,text,true,false,false,false,false,true,2024-08-02 23:27:32,2025-04-05 02:39:14,,1
Contact Us | Scalekit Docs,https://docs.scalekit.com/contact-us,,,200,0,0,2,2,0,0,https://docs.scalekit.com/sso/social-login,200,,Social Logins,,text,false,false,false,false,false,true,2025-02-16 10:53:28,2025-04-05 13:58:53,,3
Scalekit Microsoft Sign-In Guide | Configure Social Authentication | Scalekit Docs,https://docs.scalekit.com/integrations/social-connections/microsoft,,,200,2.7,0,2,3,0,0,https://docs.scalekit.com/sso/social-login,200,"Once the connection is set up, refer to our",Quickstart guide,to learn how to integrate this connection into your app,text,true,false,false,false,false,true,2024-11-14 20:32:34,2025-04-08 01:26:14,,6
Scalekit Client Secrets Guide | Secure API Credential Management | Scalekit Docs,https://docs.scalekit.com/sso/guides/key-concepts/manage-client-secrets,,,200,4,0,1,1,0,0,https://docs.scalekit.com/sso/social-login,200,,Social Logins Quickstart,,text,false,false,false,false,false,true,2024-08-01 00:00:23,2025-04-04 13:29:18,,17
Scalekit SSO Login Page Integration | Enhance User Authentication UX | Scalekit Docs,https://docs.scalekit.com/sso/guides/setup-sso/build-login-page,en,,200,4.8,0,9,13,0,0,https://docs.scalekit.com/sso/social-login,200,,PreviousSocial Logins Quickstart,,text,false,false,false,false,false,true,2024-08-01 00:33:24,2025-04-04 04:23:07,,1
Scalekit SSO Launch Checklist | Ensure Production-Ready Integration | Scalekit Docs,https://docs.scalekit.com/sso/launch-checklist,,,200,4,0,1,1,0,0,https://docs.scalekit.com/sso/social-login,200,,NextSocial Logins Quickstart,,text,false,false,false,false,false,true,2024-08-01 01:39:05,2025-04-04 17:18:16,,1
Boost B2B SaaS Signups: Easy Social Login Integration with Scalekit,https://www.scalekit.com/product-updates/social-logins-simplified-with-scalekit,en,,200,0.7,0,4,4,0,0,https://docs.scalekit.com/sso/social-login,200,the detailed documentation on integrating Social Login into your application,here,". Further, if you have any questions, feel free to",text,true,false,false,false,false,true,2024-08-14 09:26:20,2025-04-05 21:04:02,,1
"Effortless Social Logins for B2B SaaS Apps | Fast Integrations with Google, Salesforce, LinkedIn, GitHub",https://www.scalekit.com/social-logins,en,,200,0.4,0,4,4,0,0,https://docs.scalekit.com/sso/social-login,200,,Read docs,,text,false,false,false,false,false,true,2025-02-14 23:22:48,2025-04-06 08:26:59,,2
Scalekit Redirect URI Guide | Configure Authentication Endpoints | Scalekit Docs,https://docs.scalekit.com/sso/guides/key-concepts/redirect-uri,,,200,6,0,2,2,0,0,https://docs.scalekit.com/sso/test-sso,200,,Test SSO,,text,false,false,false,false,false,true,2024-08-17 07:49:42,2025-04-04 13:52:28,,17
Scalekit SSO Launch Checklist | Ensure Production-Ready Integration | Scalekit Docs,https://docs.scalekit.com/sso/launch-checklist,,,200,4,0,1,1,0,0,https://docs.scalekit.com/sso/test-sso,200,,PreviousTest SSO,,text,true,false,false,false,false,true,2024-08-16 19:42:34,2025-04-04 17:18:16,,1
Scalekit Admin Portal Quickstart | Empower IT Admins with Self-Service SSO | Scalekit Docs,https://docs.scalekit.com/sso/quickstart-admin-portal,en,,200,6,0,1,1,0,0,https://docs.scalekit.com/sso/test-sso,200,,NextTest SSO,,text,false,false,false,false,false,true,2024-09-07 01:43:03,2025-04-04 04:43:25,,1
Building SSO for B2B SaaS apps using Go | Scalekit Blog,https://www.scalekit.com/blog/building-sso-go,en,,200,0,0,4,4,0,0,https://docs.scalekit.com/sso/test-sso,200,Scalekit provides an,IdP Simulator,"for testing. Instead of configuring a real Identity Provider, use",text,true,false,false,false,false,true,2025-04-07 11:25:21,2025-04-07 11:25:21,,1
Simplify SSO Testing with Scalekitâ€™s IdP Simulator,https://www.scalekit.com/product-updates/sso-testing-with-idp-simulator,en,,200,1.6,0,4,4,0,4,https://docs.scalekit.com/sso/test-sso,200,your app today with Scalekit's IdP Simulator. Dive into our,Test SSO documentation,and discover how the IdP Simulator can simplify your SSO,text,true,false,false,false,false,true,2024-09-24 14:34:00,2025-04-05 04:08:14,,1
